Pokemon,Pokeball,HP%,Status,Noise,Catch_Rate,Weight,Type,Success_Rate,Avg_Capture_Probability,Std_Capture_Probability,Attempts
caterpie,pokeball,10,NONE,0.0,255,6.4,"BUG, NONE",0.97,0.93,0.0,30
caterpie,pokeball,10,NONE,0.05,255,6.4,"BUG, NONE",0.9,0.92,0.041,30
caterpie,pokeball,10,NONE,0.1,255,6.4,"BUG, NONE",0.9,0.9,0.086,30
caterpie,pokeball,10,NONE,0.15,255,6.4,"BUG, NONE",0.9,0.89,0.122,30
caterpie,pokeball,10,PARALYSIS,0.0,255,6.4,"BUG, NONE",1.0,1.0,0.0,30
caterpie,pokeball,10,PARALYSIS,0.05,255,6.4,"BUG, NONE",1.0,1.0,0.0,30
caterpie,pokeball,10,PARALYSIS,0.1,255,6.4,"BUG, NONE",1.0,1.0,0.0,30
caterpie,pokeball,10,PARALYSIS,0.15,255,6.4,"BUG, NONE",1.0,0.99,0.027,30
caterpie,pokeball,10,SLEEP,0.0,255,6.4,"BUG, NONE",1.0,1.0,0.0,30
caterpie,pokeball,10,SLEEP,0.05,255,6.4,"BUG, NONE",1.0,1.0,0.0,30
caterpie,pokeball,10,SLEEP,0.1,255,6.4,"BUG, NONE",1.0,1.0,0.0,30
caterpie,pokeball,10,SLEEP,0.15,255,6.4,"BUG, NONE",1.0,1.0,0.0,30
caterpie,pokeball,20,NONE,0.0,255,6.4,"BUG, NONE",0.93,0.86,0.0,30
caterpie,pokeball,20,NONE,0.05,255,6.4,"BUG, NONE",0.77,0.87,0.044,30
caterpie,pokeball,20,NONE,0.1,255,6.4,"BUG, NONE",0.9,0.88,0.078,30
caterpie,pokeball,20,NONE,0.15,255,6.4,"BUG, NONE",0.93,0.89,0.119,30
caterpie,pokeball,20,PARALYSIS,0.0,255,6.4,"BUG, NONE",1.0,1.0,0.0,30
caterpie,pokeball,20,PARALYSIS,0.05,255,6.4,"BUG, NONE",1.0,1.0,0.0,30
caterpie,pokeball,20,PARALYSIS,0.1,255,6.4,"BUG, NONE",1.0,1.0,0.003,30
caterpie,pokeball,20,PARALYSIS,0.15,255,6.4,"BUG, NONE",1.0,0.99,0.025,30
caterpie,pokeball,20,SLEEP,0.0,255,6.4,"BUG, NONE",1.0,1.0,0.0,30
caterpie,pokeball,20,SLEEP,0.05,255,6.4,"BUG, NONE",1.0,1.0,0.0,30
caterpie,pokeball,20,SLEEP,0.1,255,6.4,"BUG, NONE",1.0,1.0,0.0,30
caterpie,pokeball,20,SLEEP,0.15,255,6.4,"BUG, NONE",1.0,1.0,0.0,30
caterpie,pokeball,30,NONE,0.0,255,6.4,"BUG, NONE",0.8,0.8,0.0,30
caterpie,pokeball,30,NONE,0.05,255,6.4,"BUG, NONE",0.9,0.8,0.042,30
caterpie,pokeball,30,NONE,0.1,255,6.4,"BUG, NONE",0.83,0.79,0.079,30
caterpie,pokeball,30,NONE,0.15,255,6.4,"BUG, NONE",0.83,0.84,0.097,30
caterpie,pokeball,30,PARALYSIS,0.0,255,6.4,"BUG, NONE",1.0,1.0,0.0,30
caterpie,pokeball,30,PARALYSIS,0.05,255,6.4,"BUG, NONE",1.0,1.0,0.0,30
caterpie,pokeball,30,PARALYSIS,0.1,255,6.4,"BUG, NONE",1.0,0.99,0.045,30
caterpie,pokeball,30,PARALYSIS,0.15,255,6.4,"BUG, NONE",1.0,0.99,0.036,30
caterpie,pokeball,30,SLEEP,0.0,255,6.4,"BUG, NONE",1.0,1.0,0.0,30
caterpie,pokeball,30,SLEEP,0.05,255,6.4,"BUG, NONE",1.0,1.0,0.0,30
caterpie,pokeball,30,SLEEP,0.1,255,6.4,"BUG, NONE",1.0,1.0,0.0,30
caterpie,pokeball,30,SLEEP,0.15,255,6.4,"BUG, NONE",1.0,0.99,0.04,30
caterpie,pokeball,40,NONE,0.0,255,6.4,"BUG, NONE",0.73,0.73,0.0,30
caterpie,pokeball,40,NONE,0.05,255,6.4,"BUG, NONE",0.6,0.73,0.032,30
caterpie,pokeball,40,NONE,0.1,255,6.4,"BUG, NONE",0.83,0.73,0.076,30
caterpie,pokeball,40,NONE,0.15,255,6.4,"BUG, NONE",0.67,0.74,0.118,30
caterpie,pokeball,40,PARALYSIS,0.0,255,6.4,"BUG, NONE",1.0,1.0,0.0,30
caterpie,pokeball,40,PARALYSIS,0.05,255,6.4,"BUG, NONE",1.0,1.0,0.002,30
caterpie,pokeball,40,PARALYSIS,0.1,255,6.4,"BUG, NONE",0.97,0.97,0.062,30
caterpie,pokeball,40,PARALYSIS,0.15,255,6.4,"BUG, NONE",0.97,0.98,0.038,30
caterpie,pokeball,40,SLEEP,0.0,255,6.4,"BUG, NONE",1.0,1.0,0.0,30
caterpie,pokeball,40,SLEEP,0.05,255,6.4,"BUG, NONE",1.0,1.0,0.0,30
caterpie,pokeball,40,SLEEP,0.1,255,6.4,"BUG, NONE",1.0,1.0,0.0,30
caterpie,pokeball,40,SLEEP,0.15,255,6.4,"BUG, NONE",1.0,0.99,0.031,30
caterpie,pokeball,50,NONE,0.0,255,6.4,"BUG, NONE",0.57,0.66,0.0,30
caterpie,pokeball,50,NONE,0.05,255,6.4,"BUG, NONE",0.63,0.66,0.034,30
caterpie,pokeball,50,NONE,0.1,255,6.4,"BUG, NONE",0.67,0.65,0.078,30
caterpie,pokeball,50,NONE,0.15,255,6.4,"BUG, NONE",0.8,0.66,0.099,30
caterpie,pokeball,50,PARALYSIS,0.0,255,6.4,"BUG, NONE",1.0,1.0,0.0,30
caterpie,pokeball,50,PARALYSIS,0.05,255,6.4,"BUG, NONE",1.0,0.97,0.045,30
caterpie,pokeball,50,PARALYSIS,0.1,255,6.4,"BUG, NONE",0.93,0.95,0.058,30
caterpie,pokeball,50,PARALYSIS,0.15,255,6.4,"BUG, NONE",0.9,0.94,0.076,30
caterpie,pokeball,50,SLEEP,0.0,255,6.4,"BUG, NONE",1.0,1.0,0.0,30
caterpie,pokeball,50,SLEEP,0.05,255,6.4,"BUG, NONE",1.0,1.0,0.0,30
caterpie,pokeball,50,SLEEP,0.1,255,6.4,"BUG, NONE",1.0,1.0,0.0,30
caterpie,pokeball,50,SLEEP,0.15,255,6.4,"BUG, NONE",1.0,1.0,0.0,30
caterpie,pokeball,60,NONE,0.0,255,6.4,"BUG, NONE",0.5,0.6,0.0,30
caterpie,pokeball,60,NONE,0.05,255,6.4,"BUG, NONE",0.53,0.59,0.032,30
caterpie,pokeball,60,NONE,0.1,255,6.4,"BUG, NONE",0.77,0.6,0.065,30
caterpie,pokeball,60,NONE,0.15,255,6.4,"BUG, NONE",0.63,0.61,0.083,30
caterpie,pokeball,60,PARALYSIS,0.0,255,6.4,"BUG, NONE",0.87,0.9,0.0,30
caterpie,pokeball,60,PARALYSIS,0.05,255,6.4,"BUG, NONE",0.9,0.9,0.043,30
caterpie,pokeball,60,PARALYSIS,0.1,255,6.4,"BUG, NONE",0.83,0.89,0.103,30
caterpie,pokeball,60,PARALYSIS,0.15,255,6.4,"BUG, NONE",0.97,0.88,0.107,30
caterpie,pokeball,60,SLEEP,0.0,255,6.4,"BUG, NONE",1.0,1.0,0.0,30
caterpie,pokeball,60,SLEEP,0.05,255,6.4,"BUG, NONE",1.0,1.0,0.0,30
caterpie,pokeball,60,SLEEP,0.1,255,6.4,"BUG, NONE",0.97,1.0,0.022,30
caterpie,pokeball,60,SLEEP,0.15,255,6.4,"BUG, NONE",1.0,0.99,0.027,30
caterpie,pokeball,70,NONE,0.0,255,6.4,"BUG, NONE",0.7,0.53,0.0,30
caterpie,pokeball,70,NONE,0.05,255,6.4,"BUG, NONE",0.4,0.54,0.029,30
caterpie,pokeball,70,NONE,0.1,255,6.4,"BUG, NONE",0.5,0.53,0.057,30
caterpie,pokeball,70,NONE,0.15,255,6.4,"BUG, NONE",0.57,0.54,0.096,30
caterpie,pokeball,70,PARALYSIS,0.0,255,6.4,"BUG, NONE",0.87,0.8,0.0,30
caterpie,pokeball,70,PARALYSIS,0.05,255,6.4,"BUG, NONE",0.8,0.8,0.031,30
caterpie,pokeball,70,PARALYSIS,0.1,255,6.4,"BUG, NONE",0.73,0.8,0.084,30
caterpie,pokeball,70,PARALYSIS,0.15,255,6.4,"BUG, NONE",0.8,0.82,0.102,30
caterpie,pokeball,70,SLEEP,0.0,255,6.4,"BUG, NONE",1.0,1.0,0.0,30
caterpie,pokeball,70,SLEEP,0.05,255,6.4,"BUG, NONE",1.0,1.0,0.001,30
caterpie,pokeball,70,SLEEP,0.1,255,6.4,"BUG, NONE",1.0,0.99,0.021,30
caterpie,pokeball,70,SLEEP,0.15,255,6.4,"BUG, NONE",0.97,0.97,0.058,30
caterpie,pokeball,80,NONE,0.0,255,6.4,"BUG, NONE",0.4,0.46,0.0,30
caterpie,pokeball,80,NONE,0.05,255,6.4,"BUG, NONE",0.57,0.47,0.024,30
caterpie,pokeball,80,NONE,0.1,255,6.4,"BUG, NONE",0.4,0.46,0.039,30
caterpie,pokeball,80,NONE,0.15,255,6.4,"BUG, NONE",0.5,0.48,0.066,30
caterpie,pokeball,80,PARALYSIS,0.0,255,6.4,"BUG, NONE",0.67,0.7,0.0,30
caterpie,pokeball,80,PARALYSIS,0.05,255,6.4,"BUG, NONE",0.5,0.7,0.032,30
caterpie,pokeball,80,PARALYSIS,0.1,255,6.4,"BUG, NONE",0.7,0.71,0.057,30
caterpie,pokeball,80,PARALYSIS,0.15,255,6.4,"BUG, NONE",0.77,0.69,0.113,30
caterpie,pokeball,80,SLEEP,0.0,255,6.4,"BUG, NONE",0.9,0.93,0.0,30
caterpie,pokeball,80,SLEEP,0.05,255,6.4,"BUG, NONE",0.97,0.94,0.048,30
caterpie,pokeball,80,SLEEP,0.1,255,6.4,"BUG, NONE",1.0,0.93,0.071,30
caterpie,pokeball,80,SLEEP,0.15,255,6.4,"BUG, NONE",0.93,0.91,0.099,30
caterpie,pokeball,90,NONE,0.0,255,6.4,"BUG, NONE",0.57,0.4,0.0,30
caterpie,pokeball,90,NONE,0.05,255,6.4,"BUG, NONE",0.4,0.39,0.021,30
caterpie,pokeball,90,NONE,0.1,255,6.4,"BUG, NONE",0.3,0.41,0.042,30
caterpie,pokeball,90,NONE,0.15,255,6.4,"BUG, NONE",0.37,0.41,0.048,30
caterpie,pokeball,90,PARALYSIS,0.0,255,6.4,"BUG, NONE",0.5,0.6,0.0,30
caterpie,pokeball,90,PARALYSIS,0.05,255,6.4,"BUG, NONE",0.67,0.6,0.022,30
caterpie,pokeball,90,PARALYSIS,0.1,255,6.4,"BUG, NONE",0.57,0.62,0.053,30
caterpie,pokeball,90,PARALYSIS,0.15,255,6.4,"BUG, NONE",0.7,0.58,0.103,30
caterpie,pokeball,90,SLEEP,0.0,255,6.4,"BUG, NONE",0.7,0.8,0.0,30
caterpie,pokeball,90,SLEEP,0.05,255,6.4,"BUG, NONE",0.83,0.79,0.037,30
caterpie,pokeball,90,SLEEP,0.1,255,6.4,"BUG, NONE",0.87,0.78,0.081,30
caterpie,pokeball,90,SLEEP,0.15,255,6.4,"BUG, NONE",0.8,0.78,0.101,30
caterpie,pokeball,100,NONE,0.0,255,6.4,"BUG, NONE",0.33,0.33,0.0,30
caterpie,pokeball,100,NONE,0.05,255,6.4,"BUG, NONE",0.47,0.33,0.015,30
caterpie,pokeball,100,NONE,0.1,255,6.4,"BUG, NONE",0.47,0.33,0.03,30
caterpie,pokeball,100,NONE,0.15,255,6.4,"BUG, NONE",0.2,0.32,0.043,30
caterpie,pokeball,100,PARALYSIS,0.0,255,6.4,"BUG, NONE",0.5,0.5,0.0,30
caterpie,pokeball,100,PARALYSIS,0.05,255,6.4,"BUG, NONE",0.47,0.5,0.023,30
caterpie,pokeball,100,PARALYSIS,0.1,255,6.4,"BUG, NONE",0.5,0.5,0.049,30
caterpie,pokeball,100,PARALYSIS,0.15,255,6.4,"BUG, NONE",0.63,0.52,0.07,30
caterpie,pokeball,100,SLEEP,0.0,255,6.4,"BUG, NONE",0.57,0.66,0.0,30
caterpie,pokeball,100,SLEEP,0.05,255,6.4,"BUG, NONE",0.67,0.66,0.04,30
caterpie,pokeball,100,SLEEP,0.1,255,6.4,"BUG, NONE",0.67,0.67,0.069,30
caterpie,pokeball,100,SLEEP,0.15,255,6.4,"BUG, NONE",0.63,0.69,0.102,30
snorlax,pokeball,10,NONE,0.0,25,1014.1,"NORMAL, NONE",0.17,0.09,0.0,30
snorlax,pokeball,10,NONE,0.05,25,1014.1,"NORMAL, NONE",0.1,0.09,0.005,30
snorlax,pokeball,10,NONE,0.1,25,1014.1,"NORMAL, NONE",0.17,0.09,0.009,30
snorlax,pokeball,10,NONE,0.15,25,1014.1,"NORMAL, NONE",0.13,0.09,0.015,30
snorlax,pokeball,10,PARALYSIS,0.0,25,1014.1,"NORMAL, NONE",0.1,0.14,0.0,30
snorlax,pokeball,10,PARALYSIS,0.05,25,1014.1,"NORMAL, NONE",0.1,0.14,0.006,30
snorlax,pokeball,10,PARALYSIS,0.1,25,1014.1,"NORMAL, NONE",0.1,0.14,0.014,30
snorlax,pokeball,10,PARALYSIS,0.15,25,1014.1,"NORMAL, NONE",0.1,0.14,0.026,30
snorlax,pokeball,10,SLEEP,0.0,25,1014.1,"NORMAL, NONE",0.37,0.18,0.0,30
snorlax,pokeball,10,SLEEP,0.05,25,1014.1,"NORMAL, NONE",0.03,0.18,0.01,30
snorlax,pokeball,10,SLEEP,0.1,25,1014.1,"NORMAL, NONE",0.23,0.18,0.021,30
snorlax,pokeball,10,SLEEP,0.15,25,1014.1,"NORMAL, NONE",0.13,0.19,0.025,30
snorlax,pokeball,19,NONE,0.0,25,1014.1,"NORMAL, NONE",0.15,0.09,0.0,20
snorlax,pokeball,19,NONE,0.05,25,1014.1,"NORMAL, NONE",0.05,0.09,0.003,20
snorlax,pokeball,19,NONE,0.1,25,1014.1,"NORMAL, NONE",0.05,0.09,0.008,20
snorlax,pokeball,19,NONE,0.15,25,1014.1,"NORMAL, NONE",0.15,0.08,0.01,20
snorlax,pokeball,19,PARALYSIS,0.0,25,1014.1,"NORMAL, NONE",0.1,0.13,0.0,20
snorlax,pokeball,19,PARALYSIS,0.05,25,1014.1,"NORMAL, NONE",0.15,0.13,0.006,20
snorlax,pokeball,19,PARALYSIS,0.1,25,1014.1,"NORMAL, NONE",0.0,0.13,0.012,20
snorlax,pokeball,19,PARALYSIS,0.15,25,1014.1,"NORMAL, NONE",0.2,0.13,0.014,20
snorlax,pokeball,19,SLEEP,0.0,25,1014.1,"NORMAL, NONE",0.1,0.17,0.0,20
snorlax,pokeball,19,SLEEP,0.05,25,1014.1,"NORMAL, NONE",0.25,0.17,0.006,20
snorlax,pokeball,19,SLEEP,0.1,25,1014.1,"NORMAL, NONE",0.15,0.16,0.02,20
snorlax,pokeball,19,SLEEP,0.15,25,1014.1,"NORMAL, NONE",0.15,0.18,0.032,20
snorlax,pokeball,20,NONE,0.0,25,1014.1,"NORMAL, NONE",0.2,0.08,0.0,10
snorlax,pokeball,20,NONE,0.05,25,1014.1,"NORMAL, NONE",0.0,0.08,0.005,10
snorlax,pokeball,20,NONE,0.1,25,1014.1,"NORMAL, NONE",0.0,0.09,0.005,10
snorlax,pokeball,20,NONE,0.15,25,1014.1,"NORMAL, NONE",0.0,0.09,0.017,10
snorlax,pokeball,20,PARALYSIS,0.0,25,1014.1,"NORMAL, NONE",0.0,0.13,0.0,10
snorlax,pokeball,20,PARALYSIS,0.05,25,1014.1,"NORMAL, NONE",0.2,0.13,0.005,10
snorlax,pokeball,20,PARALYSIS,0.1,25,1014.1,"NORMAL, NONE",0.0,0.13,0.011,10
snorlax,pokeball,20,PARALYSIS,0.15,25,1014.1,"NORMAL, NONE",0.2,0.12,0.017,10
snorlax,pokeball,20,SLEEP,0.0,25,1014.1,"NORMAL, NONE",0.3,0.17,0.0,10
snorlax,pokeball,20,SLEEP,0.05,25,1014.1,"NORMAL, NONE",0.0,0.17,0.009,10
snorlax,pokeball,20,SLEEP,0.1,25,1014.1,"NORMAL, NONE",0.1,0.16,0.014,10
snorlax,pokeball,20,SLEEP,0.15,25,1014.1,"NORMAL, NONE",0.0,0.16,0.041,10
snorlax,pokeball,29,NONE,0.0,25,1014.1,"NORMAL, NONE",0.13,0.08,0.0,30
snorlax,pokeball,29,NONE,0.05,25,1014.1,"NORMAL, NONE",0.17,0.08,0.003,30
snorlax,pokeball,29,NONE,0.1,25,1014.1,"NORMAL, NONE",0.13,0.08,0.007,30
snorlax,pokeball,29,NONE,0.15,25,1014.1,"NORMAL, NONE",0.07,0.08,0.009,30
snorlax,pokeball,29,PARALYSIS,0.0,25,1014.1,"NORMAL, NONE",0.17,0.12,0.0,30
snorlax,pokeball,29,PARALYSIS,0.05,25,1014.1,"NORMAL, NONE",0.27,0.12,0.005,30
snorlax,pokeball,29,PARALYSIS,0.1,25,1014.1,"NORMAL, NONE",0.13,0.12,0.011,30
snorlax,pokeball,29,PARALYSIS,0.15,25,1014.1,"NORMAL, NONE",0.1,0.12,0.014,30
snorlax,pokeball,29,SLEEP,0.0,25,1014.1,"NORMAL, NONE",0.07,0.16,0.0,30
snorlax,pokeball,29,SLEEP,0.05,25,1014.1,"NORMAL, NONE",0.1,0.15,0.008,30
snorlax,pokeball,29,SLEEP,0.1,25,1014.1,"NORMAL, NONE",0.2,0.16,0.017,30
snorlax,pokeball,29,SLEEP,0.15,25,1014.1,"NORMAL, NONE",0.17,0.16,0.024,30
snorlax,pokeball,40,NONE,0.0,25,1014.1,"NORMAL, NONE",0.17,0.07,0.0,30
snorlax,pokeball,40,NONE,0.05,25,1014.1,"NORMAL, NONE",0.13,0.07,0.004,30
snorlax,pokeball,40,NONE,0.1,25,1014.1,"NORMAL, NONE",0.1,0.07,0.007,30
snorlax,pokeball,40,NONE,0.15,25,1014.1,"NORMAL, NONE",0.03,0.07,0.01,30
snorlax,pokeball,40,PARALYSIS,0.0,25,1014.1,"NORMAL, NONE",0.13,0.11,0.0,30
snorlax,pokeball,40,PARALYSIS,0.05,25,1014.1,"NORMAL, NONE",0.17,0.11,0.006,30
snorlax,pokeball,40,PARALYSIS,0.1,25,1014.1,"NORMAL, NONE",0.0,0.11,0.01,30
snorlax,pokeball,40,PARALYSIS,0.15,25,1014.1,"NORMAL, NONE",0.2,0.1,0.018,30
snorlax,pokeball,40,SLEEP,0.0,25,1014.1,"NORMAL, NONE",0.17,0.14,0.0,30
snorlax,pokeball,40,SLEEP,0.05,25,1014.1,"NORMAL, NONE",0.13,0.15,0.006,30
snorlax,pokeball,40,SLEEP,0.1,25,1014.1,"NORMAL, NONE",0.13,0.14,0.015,30
snorlax,pokeball,40,SLEEP,0.15,25,1014.1,"NORMAL, NONE",0.13,0.14,0.024,30
snorlax,pokeball,49,NONE,0.0,25,1014.1,"NORMAL, NONE",0.0,0.07,0.0,10
snorlax,pokeball,49,NONE,0.05,25,1014.1,"NORMAL, NONE",0.0,0.07,0.003,10
snorlax,pokeball,49,NONE,0.1,25,1014.1,"NORMAL, NONE",0.0,0.07,0.009,10
snorlax,pokeball,49,NONE,0.15,25,1014.1,"NORMAL, NONE",0.0,0.07,0.007,10
snorlax,pokeball,49,PARALYSIS,0.0,25,1014.1,"NORMAL, NONE",0.0,0.1,0.0,10
snorlax,pokeball,49,PARALYSIS,0.05,25,1014.1,"NORMAL, NONE",0.0,0.1,0.006,10
snorlax,pokeball,49,PARALYSIS,0.1,25,1014.1,"NORMAL, NONE",0.0,0.1,0.006,10
snorlax,pokeball,49,PARALYSIS,0.15,25,1014.1,"NORMAL, NONE",0.0,0.1,0.016,10
snorlax,pokeball,49,SLEEP,0.0,25,1014.1,"NORMAL, NONE",0.1,0.13,0.0,10
snorlax,pokeball,49,SLEEP,0.05,25,1014.1,"NORMAL, NONE",0.2,0.13,0.004,10
snorlax,pokeball,49,SLEEP,0.1,25,1014.1,"NORMAL, NONE",0.4,0.13,0.007,10
snorlax,pokeball,49,SLEEP,0.15,25,1014.1,"NORMAL, NONE",0.1,0.12,0.021,10
snorlax,pokeball,50,NONE,0.0,25,1014.1,"NORMAL, NONE",0.0,0.07,0.0,20
snorlax,pokeball,50,NONE,0.05,25,1014.1,"NORMAL, NONE",0.2,0.07,0.003,20
snorlax,pokeball,50,NONE,0.1,25,1014.1,"NORMAL, NONE",0.05,0.06,0.006,20
snorlax,pokeball,50,NONE,0.15,25,1014.1,"NORMAL, NONE",0.05,0.06,0.01,20
snorlax,pokeball,50,PARALYSIS,0.0,25,1014.1,"NORMAL, NONE",0.1,0.1,0.0,20
snorlax,pokeball,50,PARALYSIS,0.05,25,1014.1,"NORMAL, NONE",0.05,0.1,0.004,20
snorlax,pokeball,50,PARALYSIS,0.1,25,1014.1,"NORMAL, NONE",0.1,0.1,0.008,20
snorlax,pokeball,50,PARALYSIS,0.15,25,1014.1,"NORMAL, NONE",0.25,0.1,0.018,20
snorlax,pokeball,50,SLEEP,0.0,25,1014.1,"NORMAL, NONE",0.1,0.13,0.0,20
snorlax,pokeball,50,SLEEP,0.05,25,1014.1,"NORMAL, NONE",0.05,0.13,0.006,20
snorlax,pokeball,50,SLEEP,0.1,25,1014.1,"NORMAL, NONE",0.2,0.13,0.012,20
snorlax,pokeball,50,SLEEP,0.15,25,1014.1,"NORMAL, NONE",0.05,0.13,0.016,20
snorlax,pokeball,59,NONE,0.0,25,1014.1,"NORMAL, NONE",0.0,0.06,0.0,20
snorlax,pokeball,59,NONE,0.05,25,1014.1,"NORMAL, NONE",0.0,0.06,0.003,20
snorlax,pokeball,59,NONE,0.1,25,1014.1,"NORMAL, NONE",0.1,0.06,0.005,20
snorlax,pokeball,59,NONE,0.15,25,1014.1,"NORMAL, NONE",0.1,0.06,0.007,20
snorlax,pokeball,59,PARALYSIS,0.0,25,1014.1,"NORMAL, NONE",0.1,0.09,0.0,20
snorlax,pokeball,59,PARALYSIS,0.05,25,1014.1,"NORMAL, NONE",0.0,0.09,0.005,20
snorlax,pokeball,59,PARALYSIS,0.1,25,1014.1,"NORMAL, NONE",0.0,0.09,0.009,20
snorlax,pokeball,59,PARALYSIS,0.15,25,1014.1,"NORMAL, NONE",0.1,0.09,0.015,20
snorlax,pokeball,59,SLEEP,0.0,25,1014.1,"NORMAL, NONE",0.1,0.12,0.0,20
snorlax,pokeball,59,SLEEP,0.05,25,1014.1,"NORMAL, NONE",0.15,0.12,0.006,20
snorlax,pokeball,59,SLEEP,0.1,25,1014.1,"NORMAL, NONE",0.15,0.13,0.015,20
snorlax,pokeball,59,SLEEP,0.15,25,1014.1,"NORMAL, NONE",0.15,0.12,0.02,20
snorlax,pokeball,60,NONE,0.0,25,1014.1,"NORMAL, NONE",0.0,0.06,0.0,10
snorlax,pokeball,60,NONE,0.05,25,1014.1,"NORMAL, NONE",0.2,0.06,0.002,10
snorlax,pokeball,60,NONE,0.1,25,1014.1,"NORMAL, NONE",0.0,0.06,0.005,10
snorlax,pokeball,60,NONE,0.15,25,1014.1,"NORMAL, NONE",0.0,0.06,0.011,10
snorlax,pokeball,60,PARALYSIS,0.0,25,1014.1,"NORMAL, NONE",0.1,0.09,0.0,10
snorlax,pokeball,60,PARALYSIS,0.05,25,1014.1,"NORMAL, NONE",0.2,0.09,0.004,10
snorlax,pokeball,60,PARALYSIS,0.1,25,1014.1,"NORMAL, NONE",0.0,0.09,0.006,10
snorlax,pokeball,60,PARALYSIS,0.15,25,1014.1,"NORMAL, NONE",0.1,0.09,0.016,10
snorlax,pokeball,60,SLEEP,0.0,25,1014.1,"NORMAL, NONE",0.2,0.12,0.0,10
snorlax,pokeball,60,SLEEP,0.05,25,1014.1,"NORMAL, NONE",0.1,0.12,0.005,10
snorlax,pokeball,60,SLEEP,0.1,25,1014.1,"NORMAL, NONE",0.1,0.11,0.011,10
snorlax,pokeball,60,SLEEP,0.15,25,1014.1,"NORMAL, NONE",0.2,0.13,0.014,10
snorlax,pokeball,70,NONE,0.0,25,1014.1,"NORMAL, NONE",0.03,0.05,0.0,30
snorlax,pokeball,70,NONE,0.05,25,1014.1,"NORMAL, NONE",0.07,0.05,0.002,30
snorlax,pokeball,70,NONE,0.1,25,1014.1,"NORMAL, NONE",0.07,0.05,0.005,30
snorlax,pokeball,70,NONE,0.15,25,1014.1,"NORMAL, NONE",0.03,0.05,0.007,30
snorlax,pokeball,70,PARALYSIS,0.0,25,1014.1,"NORMAL, NONE",0.17,0.08,0.0,30
snorlax,pokeball,70,PARALYSIS,0.05,25,1014.1,"NORMAL, NONE",0.07,0.08,0.004,30
snorlax,pokeball,70,PARALYSIS,0.1,25,1014.1,"NORMAL, NONE",0.07,0.08,0.008,30
snorlax,pokeball,70,PARALYSIS,0.15,25,1014.1,"NORMAL, NONE",0.1,0.08,0.011,30
snorlax,pokeball,70,SLEEP,0.0,25,1014.1,"NORMAL, NONE",0.1,0.1,0.0,30
snorlax,pokeball,70,SLEEP,0.05,25,1014.1,"NORMAL, NONE",0.13,0.1,0.004,30
snorlax,pokeball,70,SLEEP,0.1,25,1014.1,"NORMAL, NONE",0.13,0.1,0.01,30
snorlax,pokeball,70,SLEEP,0.15,25,1014.1,"NORMAL, NONE",0.13,0.11,0.015,30
snorlax,pokeball,79,NONE,0.0,25,1014.1,"NORMAL, NONE",0.1,0.05,0.0,10
snorlax,pokeball,79,NONE,0.05,25,1014.1,"NORMAL, NONE",0.1,0.05,0.002,10
snorlax,pokeball,79,NONE,0.1,25,1014.1,"NORMAL, NONE",0.1,0.04,0.004,10
snorlax,pokeball,79,NONE,0.15,25,1014.1,"NORMAL, NONE",0.1,0.04,0.006,10
snorlax,pokeball,79,PARALYSIS,0.0,25,1014.1,"NORMAL, NONE",0.0,0.07,0.0,10
snorlax,pokeball,79,PARALYSIS,0.05,25,1014.1,"NORMAL, NONE",0.0,0.07,0.004,10
snorlax,pokeball,79,PARALYSIS,0.1,25,1014.1,"NORMAL, NONE",0.2,0.07,0.006,10
snorlax,pokeball,79,PARALYSIS,0.15,25,1014.1,"NORMAL, NONE",0.0,0.08,0.014,10
snorlax,pokeball,79,SLEEP,0.0,25,1014.1,"NORMAL, NONE",0.0,0.09,0.0,10
snorlax,pokeball,79,SLEEP,0.05,25,1014.1,"NORMAL, NONE",0.0,0.09,0.003,10
snorlax,pokeball,79,SLEEP,0.1,25,1014.1,"NORMAL, NONE",0.0,0.09,0.006,10
snorlax,pokeball,79,SLEEP,0.15,25,1014.1,"NORMAL, NONE",0.0,0.1,0.015,10
snorlax,pokeball,80,NONE,0.0,25,1014.1,"NORMAL, NONE",0.1,0.05,0.0,20
snorlax,pokeball,80,NONE,0.05,25,1014.1,"NORMAL, NONE",0.05,0.05,0.002,20
snorlax,pokeball,80,NONE,0.1,25,1014.1,"NORMAL, NONE",0.0,0.05,0.005,20
snorlax,pokeball,80,NONE,0.15,25,1014.1,"NORMAL, NONE",0.15,0.04,0.007,20
snorlax,pokeball,80,PARALYSIS,0.0,25,1014.1,"NORMAL, NONE",0.1,0.07,0.0,20
snorlax,pokeball,80,PARALYSIS,0.05,25,1014.1,"NORMAL, NONE",0.05,0.07,0.002,20
snorlax,pokeball,80,PARALYSIS,0.1,25,1014.1,"NORMAL, NONE",0.0,0.07,0.006,20
snorlax,pokeball,80,PARALYSIS,0.15,25,1014.1,"NORMAL, NONE",0.05,0.07,0.008,20
snorlax,pokeball,80,SLEEP,0.0,25,1014.1,"NORMAL, NONE",0.1,0.09,0.0,20
snorlax,pokeball,80,SLEEP,0.05,25,1014.1,"NORMAL, NONE",0.1,0.09,0.005,20
snorlax,pokeball,80,SLEEP,0.1,25,1014.1,"NORMAL, NONE",0.05,0.09,0.01,20
snorlax,pokeball,80,SLEEP,0.15,25,1014.1,"NORMAL, NONE",0.2,0.1,0.017,20
snorlax,pokeball,89,NONE,0.0,25,1014.1,"NORMAL, NONE",0.0,0.04,0.0,20
snorlax,pokeball,89,NONE,0.05,25,1014.1,"NORMAL, NONE",0.1,0.04,0.002,20
snorlax,pokeball,89,NONE,0.1,25,1014.1,"NORMAL, NONE",0.05,0.04,0.005,20
snorlax,pokeball,89,NONE,0.15,25,1014.1,"NORMAL, NONE",0.1,0.04,0.005,20
snorlax,pokeball,89,PARALYSIS,0.0,25,1014.1,"NORMAL, NONE",0.05,0.06,0.0,20
snorlax,pokeball,89,PARALYSIS,0.05,25,1014.1,"NORMAL, NONE",0.05,0.06,0.002,20
snorlax,pokeball,89,PARALYSIS,0.1,25,1014.1,"NORMAL, NONE",0.1,0.06,0.002,20
snorlax,pokeball,89,PARALYSIS,0.15,25,1014.1,"NORMAL, NONE",0.05,0.06,0.011,20
snorlax,pokeball,89,SLEEP,0.0,25,1014.1,"NORMAL, NONE",0.2,0.08,0.0,20
snorlax,pokeball,89,SLEEP,0.05,25,1014.1,"NORMAL, NONE",0.0,0.08,0.004,20
snorlax,pokeball,89,SLEEP,0.1,25,1014.1,"NORMAL, NONE",0.05,0.08,0.007,20
snorlax,pokeball,89,SLEEP,0.15,25,1014.1,"NORMAL, NONE",0.15,0.08,0.013,20
snorlax,pokeball,90,NONE,0.0,25,1014.1,"NORMAL, NONE",0.0,0.04,0.0,10
snorlax,pokeball,90,NONE,0.05,25,1014.1,"NORMAL, NONE",0.0,0.04,0.002,10
snorlax,pokeball,90,NONE,0.1,25,1014.1,"NORMAL, NONE",0.0,0.04,0.005,10
snorlax,pokeball,90,NONE,0.15,25,1014.1,"NORMAL, NONE",0.0,0.04,0.005,10
snorlax,pokeball,90,PARALYSIS,0.0,25,1014.1,"NORMAL, NONE",0.1,0.06,0.0,10
snorlax,pokeball,90,PARALYSIS,0.05,25,1014.1,"NORMAL, NONE",0.0,0.06,0.003,10
snorlax,pokeball,90,PARALYSIS,0.1,25,1014.1,"NORMAL, NONE",0.0,0.06,0.006,10
snorlax,pokeball,90,PARALYSIS,0.15,25,1014.1,"NORMAL, NONE",0.0,0.06,0.011,10
snorlax,pokeball,90,SLEEP,0.0,25,1014.1,"NORMAL, NONE",0.0,0.08,0.0,10
snorlax,pokeball,90,SLEEP,0.05,25,1014.1,"NORMAL, NONE",0.0,0.08,0.003,10
snorlax,pokeball,90,SLEEP,0.1,25,1014.1,"NORMAL, NONE",0.0,0.08,0.011,10
snorlax,pokeball,90,SLEEP,0.15,25,1014.1,"NORMAL, NONE",0.1,0.08,0.018,10
snorlax,pokeball,100,NONE,0.0,25,1014.1,"NORMAL, NONE",0.03,0.03,0.0,30
snorlax,pokeball,100,NONE,0.05,25,1014.1,"NORMAL, NONE",0.0,0.03,0.001,30
snorlax,pokeball,100,NONE,0.1,25,1014.1,"NORMAL, NONE",0.03,0.03,0.004,30
snorlax,pokeball,100,NONE,0.15,25,1014.1,"NORMAL, NONE",0.03,0.03,0.005,30
snorlax,pokeball,100,PARALYSIS,0.0,25,1014.1,"NORMAL, NONE",0.07,0.05,0.0,30
snorlax,pokeball,100,PARALYSIS,0.05,25,1014.1,"NORMAL, NONE",0.07,0.05,0.002,30
snorlax,pokeball,100,PARALYSIS,0.1,25,1014.1,"NORMAL, NONE",0.07,0.05,0.006,30
snorlax,pokeball,100,PARALYSIS,0.15,25,1014.1,"NORMAL, NONE",0.03,0.05,0.007,30
snorlax,pokeball,100,SLEEP,0.0,25,1014.1,"NORMAL, NONE",0.07,0.07,0.0,30
snorlax,pokeball,100,SLEEP,0.05,25,1014.1,"NORMAL, NONE",0.03,0.07,0.003,30
snorlax,pokeball,100,SLEEP,0.1,25,1014.1,"NORMAL, NONE",0.1,0.07,0.006,30
snorlax,pokeball,100,SLEEP,0.15,25,1014.1,"NORMAL, NONE",0.07,0.06,0.009,30
